{"cameraMode":{"drawMode":0,"name":"Shaded","section":"Shading Mode"},"sceneLighting":false,"audioPlay":false,"sceneViewState":{"m_AlwaysRefresh":false,"showFog":true,"showSkybox":false,"showFlares":true,"showImageEffects":true,"showParticleSystems":true,"showVisualEffectGraphs":true,"m_FxEnabled":true},"in2DMode":false,"pivot":{"x":-0.6216058731079102,"y":13.82846736907959,"z":26.740341186523439},"rotation":{"x":-0.050370726734399798,"y":-0.15368622541427613,"z":-0.007844544015824795,"w":0.9868059754371643},"size":21.81462287902832,"orthographic":false}